config,params,pr_auc,roc_auc,separation,benign_median,dr@0.001,dr@0.01,dr@0.05
lstm_s0,249263,0.9859,0.9989,12.19,0.0382,0.6025,0.9986,1.0
lstm_s1,249263,0.9823,0.9986,11.631,0.0378,0.5874,0.9973,1.0
lstm_s2,249263,0.9838,0.9988,11.193,0.0368,0.5947,0.9959,1.0
cnn_s0,249763,0.9982,0.9999,28.92,0.0111,1.0,1.0,1.0
cnn_s1,249763,0.998,0.9998,31.734,0.0114,1.0,1.0,1.0
cnn_s2,249763,0.9978,0.9998,27.558,0.0107,1.0,1.0,1.0
hybrid_s0,247643,1.0,1.0,30.436,0.0127,1.0,1.0,1.0
hybrid_s1,247643,0.9997,1.0,37.575,0.0123,1.0,1.0,1.0
hybrid_s2,247643,0.9975,0.9999,33.63,0.0121,1.0,1.0,1.0
